court,year,month,title,url
supremecourt,2024,January,Full Document,https://indiankanoon.org/doc/75416847/
supremecourt,2024,January,Full Document,https://indiankanoon.org/doc/91474193/
supremecourt,2024,January,Full Document,https://indiankanoon.org/doc/183330775/
supremecourt,2024,January,Full Document,https://indiankanoon.org/doc/188573380/
supremecourt,2024,January,Full Document,https://indiankanoon.org/doc/35927235/
supremecourt,2024,January,Full Document,https://indiankanoon.org/doc/12672014/
supremecourt,2024,January,Full Document,https://indiankanoon.org/doc/55896401/
supremecourt,2024,January,Full Document,https://indiankanoon.org/doc/161449955/
supremecourt,2024,January,Full Document,https://indiankanoon.org/doc/183021876/
supremecourt,2024,January,Full Document,https://indiankanoon.org/doc/61297402/
supremecourt,2024,January,Full Document,https://indiankanoon.org/doc/145959942/
supremecourt,2024,January,Full Document,https://indiankanoon.org/doc/173461587/
supremecourt,2024,January,Full Document,https://indiankanoon.org/doc/13753488/
supremecourt,2024,January,Full Document,https://indiankanoon.org/doc/11113061/
supremecourt,2024,January,Full Document,https://indiankanoon.org/doc/62152201/
supremecourt,2024,January,Full Document,https://indiankanoon.org/doc/62318272/
supremecourt,2024,January,Full Document,https://indiankanoon.org/doc/61408145/
supremecourt,2024,January,Full Document,https://indiankanoon.org/doc/132816645/
supremecourt,2024,January,Full Document,https://indiankanoon.org/doc/174319278/
supremecourt,2024,January,Full Document,https://indiankanoon.org/doc/191138064/
supremecourt,2024,January,Full Document,https://indiankanoon.org/doc/154877960/
supremecourt,2024,January,Full Document,https://indiankanoon.org/doc/196206119/
supremecourt,2024,January,Full Document,https://indiankanoon.org/doc/125744846/
supremecourt,2024,January,Full Document,https://indiankanoon.org/doc/141154175/
supremecourt,2024,January,Full Document,https://indiankanoon.org/doc/180523952/
supremecourt,2024,January,Full Document,https://indiankanoon.org/doc/47574125/
supremecourt,2024,January,Full Document,https://indiankanoon.org/doc/1526619/
supremecourt,2024,January,Full Document,https://indiankanoon.org/doc/162758642/
supremecourt,2024,January,Full Document,https://indiankanoon.org/doc/957111/
supremecourt,2024,January,Full Document,https://indiankanoon.org/doc/98621077/
supremecourt,2024,January,Full Document,https://indiankanoon.org/doc/26417896/
supremecourt,2024,January,Full Document,https://indiankanoon.org/doc/157051080/
supremecourt,2024,January,Full Document,https://indiankanoon.org/doc/15033743/
supremecourt,2024,January,Full Document,https://indiankanoon.org/doc/154840495/
supremecourt,2024,January,Full Document,https://indiankanoon.org/doc/118225031/
supremecourt,2024,January,Full Document,https://indiankanoon.org/doc/192684080/
supremecourt,2024,January,Full Document,https://indiankanoon.org/doc/119761891/
supremecourt,2024,January,Full Document,https://indiankanoon.org/doc/112935934/
supremecourt,2024,January,Full Document,https://indiankanoon.org/doc/116292258/
supremecourt,2024,January,Full Document,https://indiankanoon.org/doc/134366340/
supremecourt,2024,January,Full Document,https://indiankanoon.org/doc/116934368/
supremecourt,2024,January,Full Document,https://indiankanoon.org/doc/143808435/
supremecourt,2024,January,Full Document,https://indiankanoon.org/doc/80952742/
supremecourt,2024,January,Full Document,https://indiankanoon.org/doc/59566351/
supremecourt,2024,January,Full Document,https://indiankanoon.org/doc/197978909/
supremecourt,2024,January,Full Document,https://indiankanoon.org/doc/151222633/
supremecourt,2024,January,Full Document,https://indiankanoon.org/doc/142342125/
supremecourt,2024,January,Full Document,https://indiankanoon.org/doc/84402296/
supremecourt,2024,January,Full Document,https://indiankanoon.org/doc/137300630/
supremecourt,2024,January,Full Document,https://indiankanoon.org/doc/96625634/
supremecourt,2024,January,Full Document,https://indiankanoon.org/doc/171131039/
supremecourt,2024,January,Full Document,https://indiankanoon.org/doc/66582322/
supremecourt,2024,January,Full Document,https://indiankanoon.org/doc/173011781/
supremecourt,2024,January,Full Document,https://indiankanoon.org/doc/167729337/
supremecourt,2024,January,Full Document,https://indiankanoon.org/doc/120451656/
supremecourt,2024,January,Full Document,https://indiankanoon.org/doc/119622692/
supremecourt,2024,January,Full Document,https://indiankanoon.org/doc/199211582/
supremecourt,2024,January,Full Document,https://indiankanoon.org/doc/46624250/
supremecourt,2024,January,Full Document,https://indiankanoon.org/doc/158964569/
supremecourt,2024,January,Full Document,https://indiankanoon.org/doc/53426223/
supremecourt,2024,January,Full Document,https://indiankanoon.org/doc/13101934/
supremecourt,2024,January,Full Document,https://indiankanoon.org/doc/99464975/
supremecourt,2024,January,Full Document,https://indiankanoon.org/doc/9681991/
supremecourt,2024,January,Full Document,https://indiankanoon.org/doc/12652201/
supremecourt,2024,January,Full Document,https://indiankanoon.org/doc/14431273/
supremecourt,2024,January,Full Document,https://indiankanoon.org/doc/172840581/
supremecourt,2024,January,Full Document,https://indiankanoon.org/doc/37471337/
supremecourt,2024,January,Full Document,https://indiankanoon.org/doc/136345793/
supremecourt,2024,January,Full Document,https://indiankanoon.org/doc/137521005/
supremecourt,2024,January,Full Document,https://indiankanoon.org/doc/98147483/
supremecourt,2024,January,Full Document,https://indiankanoon.org/doc/8212296/
supremecourt,2024,January,Full Document,https://indiankanoon.org/doc/39735102/
supremecourt,2024,January,Full Document,https://indiankanoon.org/doc/159752479/
supremecourt,2024,January,Full Document,https://indiankanoon.org/doc/100393091/
supremecourt,2024,January,Full Document,https://indiankanoon.org/doc/129669276/
supremecourt,2024,January,Full Document,https://indiankanoon.org/doc/171191834/
supremecourt,2024,January,Full Document,https://indiankanoon.org/doc/133772773/
supremecourt,2024,January,Full Document,https://indiankanoon.org/doc/105954112/
supremecourt,2024,January,Full Document,https://indiankanoon.org/doc/34579238/
supremecourt,2024,January,Full Document,https://indiankanoon.org/doc/182268840/
supremecourt,2024,January,Full Document,https://indiankanoon.org/doc/132262724/
supremecourt,2024,January,Full Document,https://indiankanoon.org/doc/51597736/
supremecourt,2024,January,Full Document,https://indiankanoon.org/doc/42452503/
supremecourt,2024,January,Full Document,https://indiankanoon.org/doc/165400541/
supremecourt,2024,January,Full Document,https://indiankanoon.org/doc/6300708/
supremecourt,2024,January,Full Document,https://indiankanoon.org/doc/182166295/
supremecourt,2024,January,Full Document,https://indiankanoon.org/doc/27065177/
supremecourt,2024,January,Full Document,https://indiankanoon.org/doc/194513750/
supremecourt,2024,January,Full Document,https://indiankanoon.org/doc/132331841/
supremecourt,2024,January,Full Document,https://indiankanoon.org/doc/43996378/
supremecourt,2024,January,Full Document,https://indiankanoon.org/doc/139482777/
supremecourt,2024,January,Full Document,https://indiankanoon.org/doc/115232815/
supremecourt,2024,January,Full Document,https://indiankanoon.org/doc/47502986/
supremecourt,2024,January,Full Document,https://indiankanoon.org/doc/128685050/
supremecourt,2024,February,Full Document,https://indiankanoon.org/doc/127283248/
supremecourt,2024,February,Full Document,https://indiankanoon.org/doc/86533091/
supremecourt,2024,February,Full Document,https://indiankanoon.org/doc/194750580/
supremecourt,2024,February,Full Document,https://indiankanoon.org/doc/64102570/
supremecourt,2024,February,Full Document,https://indiankanoon.org/doc/137944398/
supremecourt,2024,February,Full Document,https://indiankanoon.org/doc/181955079/
supremecourt,2024,February,Full Document,https://indiankanoon.org/doc/196856201/
supremecourt,2024,February,Full Document,https://indiankanoon.org/doc/26461401/
supremecourt,2024,February,Full Document,https://indiankanoon.org/doc/38553322/
supremecourt,2024,February,Full Document,https://indiankanoon.org/doc/49982989/
supremecourt,2024,February,Full Document,https://indiankanoon.org/doc/25122636/
supremecourt,2024,February,Full Document,https://indiankanoon.org/doc/22572397/
supremecourt,2024,February,Full Document,https://indiankanoon.org/doc/85987296/
supremecourt,2024,February,Full Document,https://indiankanoon.org/doc/69409237/
supremecourt,2024,February,Full Document,https://indiankanoon.org/doc/62988803/
supremecourt,2024,February,Full Document,https://indiankanoon.org/doc/150194258/
supremecourt,2024,February,Full Document,https://indiankanoon.org/doc/139869506/
supremecourt,2024,February,Full Document,https://indiankanoon.org/doc/122856277/
supremecourt,2024,February,Full Document,https://indiankanoon.org/doc/195343183/
supremecourt,2024,February,Full Document,https://indiankanoon.org/doc/153305688/
supremecourt,2024,February,Full Document,https://indiankanoon.org/doc/199812585/
supremecourt,2024,February,Full Document,https://indiankanoon.org/doc/13967892/
supremecourt,2024,February,Full Document,https://indiankanoon.org/doc/97861774/
supremecourt,2024,February,Full Document,https://indiankanoon.org/doc/28330275/
supremecourt,2024,February,Full Document,https://indiankanoon.org/doc/154956347/
supremecourt,2024,February,Full Document,https://indiankanoon.org/doc/153120696/
supremecourt,2024,February,Full Document,https://indiankanoon.org/doc/27140159/
supremecourt,2024,February,Full Document,https://indiankanoon.org/doc/51106964/
supremecourt,2024,February,Full Document,https://indiankanoon.org/doc/181550896/
supremecourt,2024,February,Full Document,https://indiankanoon.org/doc/121499464/
supremecourt,2024,February,Full Document,https://indiankanoon.org/doc/47897227/
supremecourt,2024,February,Full Document,https://indiankanoon.org/doc/152024302/
supremecourt,2024,February,Full Document,https://indiankanoon.org/doc/163230126/
supremecourt,2024,February,Full Document,https://indiankanoon.org/doc/184499048/
supremecourt,2024,February,Full Document,https://indiankanoon.org/doc/2974380/
supremecourt,2024,February,Full Document,https://indiankanoon.org/doc/97029452/
supremecourt,2024,February,Full Document,https://indiankanoon.org/doc/71001041/
supremecourt,2024,February,Full Document,https://indiankanoon.org/doc/14318830/
supremecourt,2024,February,Full Document,https://indiankanoon.org/doc/96105784/
supremecourt,2024,February,Full Document,https://indiankanoon.org/doc/188421943/
supremecourt,2024,February,Full Document,https://indiankanoon.org/doc/120457982/
supremecourt,2024,February,Full Document,https://indiankanoon.org/doc/199376410/
supremecourt,2024,February,Full Document,https://indiankanoon.org/doc/87098096/
supremecourt,2024,February,Full Document,https://indiankanoon.org/doc/42694335/
supremecourt,2024,February,Full Document,https://indiankanoon.org/doc/45193494/
supremecourt,2024,February,Full Document,https://indiankanoon.org/doc/187885167/
supremecourt,2024,February,Full Document,https://indiankanoon.org/doc/43685833/
supremecourt,2024,February,Full Document,https://indiankanoon.org/doc/163428353/
supremecourt,2024,February,Full Document,https://indiankanoon.org/doc/94536581/
supremecourt,2024,February,Full Document,https://indiankanoon.org/doc/88441487/
supremecourt,2024,February,Full Document,https://indiankanoon.org/doc/147729881/
supremecourt,2024,February,Full Document,https://indiankanoon.org/doc/130356313/
supremecourt,2024,February,Full Document,https://indiankanoon.org/doc/156597649/
supremecourt,2024,February,Full Document,https://indiankanoon.org/doc/18207749/
supremecourt,2024,February,Full Document,https://indiankanoon.org/doc/28115812/
supremecourt,2024,February,Full Document,https://indiankanoon.org/doc/33940985/
supremecourt,2024,February,Full Document,https://indiankanoon.org/doc/174130070/
supremecourt,2024,February,Full Document,https://indiankanoon.org/doc/31194291/
supremecourt,2024,February,Full Document,https://indiankanoon.org/doc/121375943/
supremecourt,2024,February,Full Document,https://indiankanoon.org/doc/180648087/
supremecourt,2024,February,Full Document,https://indiankanoon.org/doc/120650714/
supremecourt,2024,February,Full Document,https://indiankanoon.org/doc/80536203/
supremecourt,2024,February,Full Document,https://indiankanoon.org/doc/127421361/
supremecourt,2024,February,Full Document,https://indiankanoon.org/doc/59271518/
supremecourt,2024,February,Full Document,https://indiankanoon.org/doc/151606927/
supremecourt,2024,February,Full Document,https://indiankanoon.org/doc/100723376/
supremecourt,2024,February,Full Document,https://indiankanoon.org/doc/185055843/
supremecourt,2024,February,Full Document,https://indiankanoon.org/doc/99137329/
supremecourt,2024,March,Full Document,https://indiankanoon.org/doc/127312055/
supremecourt,2024,March,Full Document,https://indiankanoon.org/doc/28300219/
supremecourt,2024,March,Full Document,https://indiankanoon.org/doc/23590778/
supremecourt,2024,March,Full Document,https://indiankanoon.org/doc/136721126/
supremecourt,2024,March,Full Document,https://indiankanoon.org/doc/95517482/
supremecourt,2024,March,Full Document,https://indiankanoon.org/doc/65523653/
supremecourt,2024,March,Full Document,https://indiankanoon.org/doc/193599726/
supremecourt,2024,March,Full Document,https://indiankanoon.org/doc/129789971/
supremecourt,2024,March,Full Document,https://indiankanoon.org/doc/113754072/
supremecourt,2024,March,Full Document,https://indiankanoon.org/doc/16739268/
supremecourt,2024,March,Full Document,https://indiankanoon.org/doc/72472223/
supremecourt,2024,March,Full Document,https://indiankanoon.org/doc/91466985/
supremecourt,2024,March,Full Document,https://indiankanoon.org/doc/153632071/
supremecourt,2024,March,Full Document,https://indiankanoon.org/doc/38621475/
supremecourt,2024,March,Full Document,https://indiankanoon.org/doc/172092463/
supremecourt,2024,March,Full Document,https://indiankanoon.org/doc/125335812/
supremecourt,2024,March,Full Document,https://indiankanoon.org/doc/84078050/
supremecourt,2024,March,Full Document,https://indiankanoon.org/doc/77794808/
supremecourt,2024,March,Full Document,https://indiankanoon.org/doc/35342306/
supremecourt,2024,March,Full Document,https://indiankanoon.org/doc/175546816/
supremecourt,2024,March,Full Document,https://indiankanoon.org/doc/59052121/
supremecourt,2024,March,Full Document,https://indiankanoon.org/doc/129864108/
supremecourt,2024,March,Full Document,https://indiankanoon.org/doc/112207778/
supremecourt,2024,March,Full Document,https://indiankanoon.org/doc/79141574/
supremecourt,2024,March,Full Document,https://indiankanoon.org/doc/194313775/
supremecourt,2024,March,Full Document,https://indiankanoon.org/doc/89211935/
supremecourt,2024,March,Full Document,https://indiankanoon.org/doc/42840820/
supremecourt,2024,March,Full Document,https://indiankanoon.org/doc/113143824/
supremecourt,2024,March,Full Document,https://indiankanoon.org/doc/140844277/
supremecourt,2024,March,Full Document,https://indiankanoon.org/doc/179541186/
supremecourt,2024,March,Full Document,https://indiankanoon.org/doc/52825578/
supremecourt,2024,March,Full Document,https://indiankanoon.org/doc/32533784/
supremecourt,2024,March,Full Document,https://indiankanoon.org/doc/147306204/
supremecourt,2024,March,Full Document,https://indiankanoon.org/doc/131032885/
supremecourt,2024,March,Full Document,https://indiankanoon.org/doc/176063295/
supremecourt,2024,March,Full Document,https://indiankanoon.org/doc/95053294/
supremecourt,2024,March,Full Document,https://indiankanoon.org/doc/101705556/
supremecourt,2024,March,Full Document,https://indiankanoon.org/doc/192754646/
supremecourt,2024,March,Full Document,https://indiankanoon.org/doc/156020971/
supremecourt,2024,March,Full Document,https://indiankanoon.org/doc/77428082/
supremecourt,2024,March,Full Document,https://indiankanoon.org/doc/51692203/
supremecourt,2024,March,Full Document,https://indiankanoon.org/doc/23508748/
supremecourt,2024,March,Full Document,https://indiankanoon.org/doc/54379423/
supremecourt,2024,March,Full Document,https://indiankanoon.org/doc/156369615/
supremecourt,2024,March,Full Document,https://indiankanoon.org/doc/176654416/
supremecourt,2024,March,Full Document,https://indiankanoon.org/doc/77803010/
supremecourt,2024,March,Full Document,https://indiankanoon.org/doc/22516818/
supremecourt,2024,March,Full Document,https://indiankanoon.org/doc/44990564/
supremecourt,2024,March,Full Document,https://indiankanoon.org/doc/110578401/
supremecourt,2024,March,Full Document,https://indiankanoon.org/doc/26340960/
supremecourt,2024,March,Full Document,https://indiankanoon.org/doc/134319399/
supremecourt,2024,March,Full Document,https://indiankanoon.org/doc/43220154/
supremecourt,2024,March,Full Document,https://indiankanoon.org/doc/31514672/
supremecourt,2024,March,Full Document,https://indiankanoon.org/doc/26212818/
supremecourt,2024,March,Full Document,https://indiankanoon.org/doc/177105795/
supremecourt,2024,March,Full Document,https://indiankanoon.org/doc/117899708/
supremecourt,2024,March,Full Document,https://indiankanoon.org/doc/46870891/
supremecourt,2024,March,Full Document,https://indiankanoon.org/doc/127969477/
supremecourt,2024,March,Full Document,https://indiankanoon.org/doc/199323622/
supremecourt,2024,March,Full Document,https://indiankanoon.org/doc/191134832/
supremecourt,2024,March,Full Document,https://indiankanoon.org/doc/139113182/
supremecourt,2024,March,Full Document,https://indiankanoon.org/doc/94110696/
supremecourt,2024,March,Full Document,https://indiankanoon.org/doc/104242523/
supremecourt,2024,March,Full Document,https://indiankanoon.org/doc/194792245/
supremecourt,2024,March,Full Document,https://indiankanoon.org/doc/102423730/
supremecourt,2024,March,Full Document,https://indiankanoon.org/doc/18566925/
supremecourt,2024,March,Full Document,https://indiankanoon.org/doc/80316070/
supremecourt,2024,March,Full Document,https://indiankanoon.org/doc/182315459/
supremecourt,2024,March,Full Document,https://indiankanoon.org/doc/157064185/
supremecourt,2024,March,Full Document,https://indiankanoon.org/doc/51918400/
supremecourt,2024,March,Full Document,https://indiankanoon.org/doc/88368889/
supremecourt,2024,March,Full Document,https://indiankanoon.org/doc/37053509/
supremecourt,2024,March,Full Document,https://indiankanoon.org/doc/128036238/
supremecourt,2024,March,Full Document,https://indiankanoon.org/doc/180229683/
supremecourt,2024,March,Full Document,https://indiankanoon.org/doc/96867209/
supremecourt,2024,March,Full Document,https://indiankanoon.org/doc/110908107/
supremecourt,2024,March,Full Document,https://indiankanoon.org/doc/147947150/
supremecourt,2024,March,Full Document,https://indiankanoon.org/doc/48963712/
supremecourt,2024,March,Full Document,https://indiankanoon.org/doc/116675653/
supremecourt,2024,March,Full Document,https://indiankanoon.org/doc/11007803/
supremecourt,2024,March,Full Document,https://indiankanoon.org/doc/23847053/
supremecourt,2024,March,Full Document,https://indiankanoon.org/doc/123910034/
supremecourt,2024,March,Full Document,https://indiankanoon.org/doc/9496063/
supremecourt,2024,March,Full Document,https://indiankanoon.org/doc/199482360/
supremecourt,2024,March,Full Document,https://indiankanoon.org/doc/162858276/
supremecourt,2024,March,Full Document,https://indiankanoon.org/doc/135155448/
supremecourt,2024,March,Full Document,https://indiankanoon.org/doc/168291458/
supremecourt,2024,March,Full Document,https://indiankanoon.org/doc/114893995/
supremecourt,2024,March,Full Document,https://indiankanoon.org/doc/110357541/
supremecourt,2024,March,Full Document,https://indiankanoon.org/doc/82848048/
supremecourt,2024,March,Full Document,https://indiankanoon.org/doc/172982288/
supremecourt,2024,March,Full Document,https://indiankanoon.org/doc/159637241/
supremecourt,2024,March,Full Document,https://indiankanoon.org/doc/25459134/
supremecourt,2024,March,Full Document,https://indiankanoon.org/doc/150504262/
supremecourt,2024,March,Full Document,https://indiankanoon.org/doc/93828943/
supremecourt,2024,March,Full Document,https://indiankanoon.org/doc/54285882/
supremecourt,2024,March,Full Document,https://indiankanoon.org/doc/121747024/
supremecourt,2024,March,Full Document,https://indiankanoon.org/doc/103368657/
supremecourt,2024,March,Full Document,https://indiankanoon.org/doc/47050740/
supremecourt,2024,March,Full Document,https://indiankanoon.org/doc/191833676/
supremecourt,2024,March,Full Document,https://indiankanoon.org/doc/89894612/
supremecourt,2024,March,Full Document,https://indiankanoon.org/doc/7928414/
supremecourt,2024,March,Full Document,https://indiankanoon.org/doc/16702412/
supremecourt,2024,March,Full Document,https://indiankanoon.org/doc/135299656/
supremecourt,2024,April,Full Document,https://indiankanoon.org/doc/23531636/
supremecourt,2024,April,Full Document,https://indiankanoon.org/doc/80159557/
supremecourt,2024,April,Full Document,https://indiankanoon.org/doc/168942708/
supremecourt,2024,April,Full Document,https://indiankanoon.org/doc/147601839/
supremecourt,2024,April,Full Document,https://indiankanoon.org/doc/36148883/
supremecourt,2024,April,Full Document,https://indiankanoon.org/doc/149555588/
supremecourt,2024,April,Full Document,https://indiankanoon.org/doc/163282243/
supremecourt,2024,April,Full Document,https://indiankanoon.org/doc/110838559/
supremecourt,2024,April,Full Document,https://indiankanoon.org/doc/164418638/
supremecourt,2024,April,Full Document,https://indiankanoon.org/doc/38030387/
supremecourt,2024,April,Full Document,https://indiankanoon.org/doc/74922351/
supremecourt,2024,April,Full Document,https://indiankanoon.org/doc/29710153/
supremecourt,2024,April,Full Document,https://indiankanoon.org/doc/73383374/
supremecourt,2024,April,Full Document,https://indiankanoon.org/doc/105130490/
supremecourt,2024,April,Full Document,https://indiankanoon.org/doc/182644442/
supremecourt,2024,April,Full Document,https://indiankanoon.org/doc/189043145/
supremecourt,2024,April,Full Document,https://indiankanoon.org/doc/120224687/
supremecourt,2024,April,Full Document,https://indiankanoon.org/doc/198833668/
supremecourt,2024,April,Full Document,https://indiankanoon.org/doc/81572402/
supremecourt,2024,April,Full Document,https://indiankanoon.org/doc/115839893/
supremecourt,2024,April,Full Document,https://indiankanoon.org/doc/121980532/
supremecourt,2024,April,Full Document,https://indiankanoon.org/doc/176578539/
supremecourt,2024,April,Full Document,https://indiankanoon.org/doc/194759822/
supremecourt,2024,April,Full Document,https://indiankanoon.org/doc/87474121/
supremecourt,2024,April,Full Document,https://indiankanoon.org/doc/36146636/
supremecourt,2024,April,Full Document,https://indiankanoon.org/doc/193547441/
supremecourt,2024,April,Full Document,https://indiankanoon.org/doc/9781569/
supremecourt,2024,April,Full Document,https://indiankanoon.org/doc/88353968/
supremecourt,2024,April,Full Document,https://indiankanoon.org/doc/115198109/
supremecourt,2024,April,Full Document,https://indiankanoon.org/doc/182692120/
supremecourt,2024,April,Full Document,https://indiankanoon.org/doc/46338169/
supremecourt,2024,April,Full Document,https://indiankanoon.org/doc/116679796/
supremecourt,2024,April,Full Document,https://indiankanoon.org/doc/112266973/
supremecourt,2024,April,Full Document,https://indiankanoon.org/doc/22140466/
supremecourt,2024,April,Full Document,https://indiankanoon.org/doc/35537101/
supremecourt,2024,April,Full Document,https://indiankanoon.org/doc/55499505/
supremecourt,2024,April,Full Document,https://indiankanoon.org/doc/54694680/
supremecourt,2024,April,Full Document,https://indiankanoon.org/doc/131703399/
supremecourt,2024,April,Full Document,https://indiankanoon.org/doc/155131289/
supremecourt,2024,April,Full Document,https://indiankanoon.org/doc/86246752/
supremecourt,2024,April,Full Document,https://indiankanoon.org/doc/72707521/
supremecourt,2024,April,Full Document,https://indiankanoon.org/doc/160923326/
supremecourt,2024,April,Full Document,https://indiankanoon.org/doc/18291089/
supremecourt,2024,April,Full Document,https://indiankanoon.org/doc/120660432/
supremecourt,2024,April,Full Document,https://indiankanoon.org/doc/118605364/
supremecourt,2024,April,Full Document,https://indiankanoon.org/doc/77670688/
supremecourt,2024,April,Full Document,https://indiankanoon.org/doc/170740382/
supremecourt,2024,April,Full Document,https://indiankanoon.org/doc/103416457/
supremecourt,2024,April,Full Document,https://indiankanoon.org/doc/94522888/
supremecourt,2024,April,Full Document,https://indiankanoon.org/doc/146154138/
supremecourt,2024,April,Full Document,https://indiankanoon.org/doc/101971001/
supremecourt,2024,April,Full Document,https://indiankanoon.org/doc/166574806/
supremecourt,2024,April,Full Document,https://indiankanoon.org/doc/27635976/
supremecourt,2024,April,Full Document,https://indiankanoon.org/doc/75859385/
supremecourt,2024,April,Full Document,https://indiankanoon.org/doc/56144365/
supremecourt,2024,April,Full Document,https://indiankanoon.org/doc/48454477/
supremecourt,2024,April,Full Document,https://indiankanoon.org/doc/10264213/
supremecourt,2024,April,Full Document,https://indiankanoon.org/doc/120630484/
supremecourt,2024,April,Full Document,https://indiankanoon.org/doc/160165958/
supremecourt,2024,April,Full Document,https://indiankanoon.org/doc/43611893/
supremecourt,2024,April,Full Document,https://indiankanoon.org/doc/89149695/
supremecourt,2024,April,Full Document,https://indiankanoon.org/doc/69507328/
supremecourt,2024,April,Full Document,https://indiankanoon.org/doc/181002197/
supremecourt,2024,April,Full Document,https://indiankanoon.org/doc/26253582/
supremecourt,2024,April,Full Document,https://indiankanoon.org/doc/65249303/
supremecourt,2024,April,Full Document,https://indiankanoon.org/doc/8029199/
supremecourt,2024,April,Full Document,https://indiankanoon.org/doc/191136917/
supremecourt,2024,April,Full Document,https://indiankanoon.org/doc/176522303/
supremecourt,2024,April,Full Document,https://indiankanoon.org/doc/152061170/
supremecourt,2024,April,Full Document,https://indiankanoon.org/doc/59913038/
supremecourt,2024,April,Full Document,https://indiankanoon.org/doc/176933971/
supremecourt,2024,April,Full Document,https://indiankanoon.org/doc/162793268/
supremecourt,2024,April,Full Document,https://indiankanoon.org/doc/167991363/
supremecourt,2024,April,Full Document,https://indiankanoon.org/doc/114776788/
supremecourt,2024,April,Full Document,https://indiankanoon.org/doc/53366438/
supremecourt,2024,April,Full Document,https://indiankanoon.org/doc/121480172/
supremecourt,2024,April,Full Document,https://indiankanoon.org/doc/14881631/
supremecourt,2024,April,Full Document,https://indiankanoon.org/doc/91917167/
supremecourt,2024,April,Full Document,https://indiankanoon.org/doc/154993762/
supremecourt,2024,April,Full Document,https://indiankanoon.org/doc/14181856/
supremecourt,2024,April,Full Document,https://indiankanoon.org/doc/104728419/
supremecourt,2024,April,Full Document,https://indiankanoon.org/doc/52438076/
supremecourt,2024,April,Full Document,https://indiankanoon.org/doc/122279170/
supremecourt,2024,April,Full Document,https://indiankanoon.org/doc/171772661/
supremecourt,2024,April,Full Document,https://indiankanoon.org/doc/13608821/
supremecourt,2024,April,Full Document,https://indiankanoon.org/doc/19113341/
supremecourt,2024,April,Full Document,https://indiankanoon.org/doc/114951525/
supremecourt,2024,April,Full Document,https://indiankanoon.org/doc/7684261/
supremecourt,2024,April,Full Document,https://indiankanoon.org/doc/76488359/
supremecourt,2024,April,Full Document,https://indiankanoon.org/doc/164101740/
supremecourt,2024,April,Full Document,https://indiankanoon.org/doc/21904113/
supremecourt,2024,April,Full Document,https://indiankanoon.org/doc/92318482/
supremecourt,2024,April,Full Document,https://indiankanoon.org/doc/51104527/
supremecourt,2024,April,Full Document,https://indiankanoon.org/doc/135998435/
supremecourt,2024,April,Full Document,https://indiankanoon.org/doc/128934486/
supremecourt,2024,April,Full Document,https://indiankanoon.org/doc/187625477/
supremecourt,2024,April,Full Document,https://indiankanoon.org/doc/91753614/
supremecourt,2024,April,Full Document,https://indiankanoon.org/doc/136867752/
supremecourt,2024,April,Full Document,https://indiankanoon.org/doc/95900868/
supremecourt,2024,April,Full Document,https://indiankanoon.org/doc/50053013/
supremecourt,2024,April,Full Document,https://indiankanoon.org/doc/60178832/
supremecourt,2024,April,Full Document,https://indiankanoon.org/doc/143150595/
supremecourt,2024,April,Full Document,https://indiankanoon.org/doc/27729158/
supremecourt,2024,May,Full Document,https://indiankanoon.org/doc/87629878/
supremecourt,2024,May,Full Document,https://indiankanoon.org/doc/172613397/
supremecourt,2024,May,Full Document,https://indiankanoon.org/doc/129471751/
supremecourt,2024,May,Full Document,https://indiankanoon.org/doc/73870248/
supremecourt,2024,May,Full Document,https://indiankanoon.org/doc/113464870/
supremecourt,2024,May,Full Document,https://indiankanoon.org/doc/13265439/
supremecourt,2024,May,Full Document,https://indiankanoon.org/doc/2389460/
supremecourt,2024,May,Full Document,https://indiankanoon.org/doc/122939841/
supremecourt,2024,May,Full Document,https://indiankanoon.org/doc/158694019/
supremecourt,2024,May,Full Document,https://indiankanoon.org/doc/165863285/
supremecourt,2024,May,Full Document,https://indiankanoon.org/doc/167761130/
